<?xml version="1.0"?>
<Runs Version="1" Minor="9">
	<Run Id="synth_1" Type="Ft3:Synth" SrcSet="sources_1" Part="xc7z020clg484-1" LaunchPart="xc7z020clg484-1" ConstrsSet="constrs_1" Description="Vivado Synthesis Defaults" State="current" Dir="$PRUNDIR/synth_1" LaunchTime="1404093922">
		<File Type="RDS-UTIL" Name="system_wrapper_utilization_synth.rpt"/>
		<File Type="RUN-STRAT" Name="$PDATADIR/runs/synth_1/synth_1.psg"/>
		<File Type="RDS-UTIL-PB" Name="system_wrapper_utilization_synth.pb"/>
		<File Type="RDS-DCP" Name="system_wrapper.dcp"/>
		<File Type="VDS-TIMINGSUMMARY" Name="system_wrapper_timing_summary_synth.rpt"/>
		<File Type="VDS-TIMING-PB" Name="system_wrapper_timing_summary_synth.pb"/>
		<File Type="PA-TCL" Name="system_wrapper.tcl"/>
		<File Type="RUN-SRCS" Name="$PDATADIR/runs/synth_1/sources.xml"/>
		<File Type="RDS-RDS" Name="system_wrapper.rds"/>
		<File Type="RUN-CONSTRS" Name="$PDATADIR/runs/synth_1/constrs_in.xml"/>
	</Run>
	<Run Id="impl_1" Type="Ft2:EntireDesign" SynthRun="synth_1" Part="xc7z020clg484-1" LaunchPart="xc7z020clg484-1" ConstrsSet="constrs_1" Description="Vivado Implementation Defaults" State="current" Dir="$PRUNDIR/impl_1" LaunchTime="1404093922">
		<File Type="RUN-STRAT" Name="$PDATADIR/runs/impl_1/impl_1.psg"/>
		<File Type="OPT-DRC" Name="system_wrapper_drc_opted.rpt"/>
		<File Type="PLACE-IO" Name="system_wrapper_io_placed.rpt"/>
		<File Type="PLACE-CLK" Name="system_wrapper_clock_utilization_placed.rpt"/>
		<File Type="PLACE-UTIL" Name="system_wrapper_utilization_placed.rpt"/>
		<File Type="PLACE-UTIL-PB" Name="system_wrapper_utilization_placed.pb"/>
		<File Type="PLACE-CTRL" Name="system_wrapper_control_sets_placed.rpt"/>
		<File Type="PLACE-SIMILARITY" Name="system_wrapper_incremental_reuse_placed.rpt"/>
		<File Type="PLACE-PRE-SIMILARITY" Name="system_wrapper_incremental_reuse_pre_placed.rpt"/>
		<File Type="PA-TCL" Name="system_wrapper.tcl"/>
		<File Type="ROUTE-DRC" Name="system_wrapper_drc_routed.rpt"/>
		<File Type="ROUTE-DRC-PB" Name="system_wrapper_drc_routed.pb"/>
		<File Type="ROUTE-PWR" Name="system_wrapper_power_routed.rpt"/>
		<File Type="ROUTE-PWR-SUM" Name="system_wrapper_power_summary_routed.pb"/>
		<File Type="ROUTE-STATUS" Name="system_wrapper_route_status.rpt"/>
		<File Type="ROUTE-STATUS-PB" Name="system_wrapper_route_status.pb"/>
		<File Type="ROUTE-DCP" Name="system_wrapper_routed.dcp"/>
		<File Type="ROUTE-TIMINGSUMMARY" Name="system_wrapper_timing_summary_routed.rpt"/>
		<File Type="ROUTE-TIMING-PB" Name="system_wrapper_timing_summary_routed.pb"/>
		<File Type="ROUTE-SIMILARITY" Name="system_wrapper_incremental_reuse_routed.rpt"/>
		<File Type="OPT-DCP" Name="system_wrapper_opt.dcp"/>
		<File Type="RDI-RDI" Name="system_wrapper.rdi"/>
		<File Type="PLACE-DCP" Name="system_wrapper_placed.dcp"/>
		<File Type="PWROPT-DCP" Name="system_wrapper_pwropt.dcp"/>
		<File Type="POSTPLACE-PWROPT-DCP" Name="system_wrapper_postplace_pwropt.dcp"/>
		<File Type="PWROPT-DRC" Name="system_wrapper_drc_pwropted.rpt"/>
		<File Type="PHYSOPT-DCP" Name="system_wrapper_physopt.dcp"/>
		<File Type="PHYSOPT-DRC" Name="system_wrapper_drc_physopted.rpt"/>
		<File Type="BG-BIT" Name="system_wrapper.bit"/>
		<File Type="BG-DRC" Name="system_wrapper.drc"/>
		<File Type="BG-BGN" Name="system_wrapper.bgn"/>
		<File Type="BG-BIN" Name="system_wrapper.bin"/>
		<File Type="BITSTR-MSK" Name="system_wrapper.msk"/>
		<File Type="BITSTR-RBT" Name="system_wrapper.rbt"/>
		<File Type="BITSTR-NKY" Name="system_wrapper.nky"/>
		<File Type="BITSTR-BMM" Name="system_wrapper_bd.bmm"/>
		<File Type="WBT-USG" Name="usage_statistics_webtalk.html"/>
		<File Type="RUN-CONSTRS" Name="$PDATADIR/runs/impl_1/constrs_in.xml"/>
	</Run>
</Runs>

